<?xml version="1.0" encoding="UTF-8"?>
<ModuleInfo>  <ModulePN>MOD01DRV0H0061????</ModulePN><Creator PN="01" Name="Acer-HQ1">  </Creator><Type PN="DRV" Name="Drivers">  </Type><Module Alias="" PN="0H" Name="Synaptics TouchPad" Provider="Synaptics" GUID="" Class="TouchPad" Serial="TouchPad">  </Module><WOS Sku="W10 All" PN="61" CPU="X64">  </WOS><Lang>All language</Lang><ModuleVersion>v19.0.25.8</ModuleVersion><DriverVersion>v19.0.25.8</DriverVersion><OptionVersion>setup.exe -s -SMS</OptionVersion><ProjectCodeName>NULL</ProjectCodeName><OdmName>NBCOM</OdmName><ModuleTimeout>30</ModuleTimeout><InstallPreiod>UserAlaunch</InstallPreiod><Reboot>False</Reboot><Delete>False</Delete><ReinstallProcessList>    <Process RetCode="-" OS-Language="" Period="" Params="" Timeout="0" OS-Sku="" Order="00" Check="" Exec="%RELATIVE_PATH%\Setup.exe" Country="">  </Process></ReinstallProcessList><AutoRun>True</AutoRun><InstallPath>  </InstallPath><Description>  </Description><ProcessList>    <Process RetCode="-" OS-Language="" Period="" Params="-s -SMS" Timeout="30" OS-Sku="" Order="00" Check="False" Exec="%RELATIVE_PATH%\setup.exe" Country="">  </Process></ProcessList><RegItemList>  </RegItemList><ModuleProperty>RCD,STCD,RSCD</ModuleProperty><HWIDs>HID\SYNA7DB5&amp;Col04</HWIDs><AutoCheckHWID>True</AutoCheckHWID><CheckRemove>True</CheckRemove><MVPKernelVersion>2.0.5.5</MVPKernelVersion><LOB>Notebook</LOB></ModuleInfo>